Data record 10/15,Not slowed,slowed,slower,slowest,Not slowed
,118,118,72,116,118
,120,118,42,62,118
,118,118,26,36,120
,120,120,16,20,118
,120,118,10,10,120
,120,118,6,6,118
,118,96,6,2,120
,120,54,4,2,120
,118,34,2,0,118
,118,20,2,0,120
,120,14,2,-2,118
,120,8,2,-2,120
,118,6,2,-2,118
,118,6,2,-2,120
,118,4,2,-2,120
,118,2,2,2,120
,118,2,2,-2,118
,120,2,2,-2,120
,120,2,0,-2,120
,118,2,0,0,118
,118,2,8,0,120
,118,2,0,2,120
,118,2,0,-2,118
,118,2,0,0,118
,120,2,0,0,126
,118,0,0,0,118
,118,2,-2,0,68
,118,2,0,0,40
,118,2,0,0,24
,118,2,0,0,14
,120,2,0,0,12
,118,2,0,0,4
,118,0,0,0,2
,68,0,-2,0,0
,40,0,-2,2,0
,22,2,0,2,0
,16,0,0,2,0
,6,2,-2,2,-2
,2,0,-2,4,-2
,2,0,-2,2,-2
,0,0,-2,2,-2
,0,0,-2,2,-2
,-2,0,-2,2,-2
,-2,0,0,2,-2
,-2,-2,-2,2,-2
,-2,0,-2,2,-2
,-2,-2,0,2,-2
,-2,0,-2,0,-2
,-2,-2,-2,2,-2
,-2,-2,0,2,-2
,-2,-2,-2,0,-2
,-2,-2,-2,2,-2
,-2,46,-2,2,-2
,-2,120,-2,2,-2
,-2,120,-2,2,-2
,-2,120,-2,2,-2
,0,118,-2,0,-2
,-2,118,-2,0,0
,0,118,0,0,0
,4,120,-2,0,4
,0,118,-2,2,0
,-2,120,0,2,0
,0,118,-2,0,0
,0,118,0,0,0
,0,118,0,0,0
,0,120,120,0,120
,0,118,120,0,120
,0,118,118,0,118
,0,120,118,0,118
,0,118,120,0,120
,0,118,118,0,118
,0,120,118,0,118
,120,118,124,0,120
,120,118,118,0,118
,118,120,120,0,120
,120,118,118,-2,118
,118,118,118,0,118
,118,118,120,0,118
,120,118,118,-2,118
,118,118,120,-2,120
,118,120,118,-2,118
,118,120,120,-2,120
,118,118,120,-2,118
,118,120,118,-2,118
,118,120,118,-2,118
,120,120,118,-2,118
,118,118,118,-2,120
,118,120,120,-2,120
,122,118,118,-2,118
,120,118,120,-2,118
,118,118,118,4,118
,120,118,118,-2,120
,120,118,120,-2,118
,118,120,118,-2,118
,120,118,118,-2,120
,118,118,124,-2,120
,118,118,120,-2,120
,120,118,118,-2,120
,118,92,120,-2,120
,120,52,118,-2,118
,118,32,118,-2,120
,118,20,120,-2,120
,120,12,120,-2,118
,118,8,118,-2,120
,118,6,120,-2,118
,120,4,118,0,62
,118,2,120,0,38
,118,8,118,0,22
,118,2,118,0,14
,118,2,118,-2,8
,120,2,120,0,4
,90,2,118,0,2
,50,2,120,0,0
,30,2,118,4,0
,18,2,118,0,0
,10,2,120,0,-2
,6,2,120,0,0
,6,0,118,0,-2
,0,0,120,2,-2
,0,2,120,2,-2
,0,0,118,120,-2
,0,0,118,120,-2
,-2,0,118,120,-2
,0,0,118,118,-2
,-2,0,122,120,-2
,-2,0,118,120,-2
,-2,0,118,118,-2
,0,0,120,118,-2
,-2,0,118,118,-2
,-2,0,118,120,0
,-2,0,74,118,-2
,-2,0,40,118,-2
,-2,-2,24,118,-2
,-2,-2,14,118,0
,-2,0,8,118,-2
,-2,-2,4,120,0
,0,2,2,124,-2
,-2,-2,0,118,-2
,-2,-2,0,120,-2
,0,-2,-2,120,0
,0,-2,0,118,0
,-2,-2,-2,118,-2
,0,0,-2,118,-2
,0,-2,-2,118,-2
,0,118,0,118,118
,0,118,0,118,118
,4,120,0,118,118
,0,120,6,118,118
,0,118,0,118,120
,0,120,0,118,118
,0,120,0,118,118
,120,118,0,118,120
,120,118,0,120,120
,120,120,2,118,118
,120,118,0,118,120
,120,118,0,118,120
,120,118,2,120,118
,118,118,0,118,118
,118,118,0,120,118
,118,120,0,126,118
,120,118,2,120,120
,120,118,2,118,120
,118,120,2,120,118
,120,118,2,120,118
,118,118,2,118,120
,118,120,2,118,118
,118,118,2,118,118
,120,118,2,118,120
,120,118,2,120,118
,126,118,2,118,118
,118,120,2,118,124
,118,118,0,118,118
,120,118,2,118,120
,120,118,2,120,120
,118,120,2,118,120
,122,120,2,118,118
,120,118,2,120,120
,118,118,2,118,120
,118,118,2,118,118
,118,120,2,118,118
,118,118,2,118,120
,118,120,2,120,118
,118,118,2,120,118
,118,118,0,118,120
,118,120,2,118,68
,120,120,2,118,40
,120,120,2,118,24
,118,118,0,118,14
,118,120,0,120,10
,118,120,0,118,6
,72,78,0,118,2
,42,44,0,120,2
,24,28,0,118,2
,16,18,0,120,0
,8,12,-2,118,0
,6,6,120,118,-2
,2,4,120,120,0
,2,4,118,118,0
,0,2,120,120,-2
,-2,2,126,120,0
,0,2,118,118,-2
,0,0,118,118,-2
,-2,0,118,120,-2
,-2,2,118,120,-2
,0,0,118,120,-2
,-2,0,120,124,0
,-2,0,118,120,-2
,-2,0,118,118,-2
,-2,0,120,118,-2
,-2,0,118,118,0
,-2,0,118,118,-2
,-2,0,118,120,0
,-2,0,120,120,-2
,-2,0,118,118,-2
,-2,0,120,120,0
,-2,-2,120,120,-2
,-2,0,118,118,0
,-2,4,120,118,-2
,-2,-2,118,118,-2
,-2,-2,118,118,-2
,-2,-2,118,120,-2
,-2,-2,118,118,0
,-2,-2,120,118,-2
,-2,-2,118,118,118
,0,-2,118,118,120
,-2,-2,120,118,118
,0,-2,118,120,118
,2,-2,118,120,118
,-2,-2,122,120,118
,120,-2,118,120,120
,120,-2,118,118,120
,118,-4,120,120,118
,118,0,120,118,118
,118,0,118,120,118
,118,-2,118,122,120
,118,-2,118,120,118
,120,120,118,80,120
,120,118,120,46,120
,118,120,120,28,120
,120,118,118,16,118
,120,118,118,8,124
,120,118,118,6,120
,120,118,120,2,118
,118,120,118,2,120
,120,118,118,0,120
,118,118,118,0,120
,118,118,118,-2,120
,118,118,118,-2,120
,118,118,120,-2,120
,118,120,118,0,120
,120,118,118,0,118
,118,118,124,-2,118
,118,120,118,-2,118
,120,120,118,-2,120
,118,118,118,-2,118
,118,118,118,-2,120
,120,118,118,-2,118
,118,118,120,4,118
,120,118,120,-2,118
,118,118,118,-2,118
,120,118,74,-2,120
,118,118,44,-2,118
,118,118,26,-2,118
,118,120,18,0,64
,118,120,10,-2,38
,118,118,6,-2,22
,118,118,4,-2,14
,118,118,2,-2,8
,92,120,2,-2,6
,52,120,2,-2,4
,32,118,0,-2,2
,20,118,0,-2,2
,12,118,2,0,0
,6,118,0,0,0
,4,118,0,0,0
,2,122,0,0,0
,2,120,0,0,0
,0,120,0,0,0
,0,120,0,0,0
,6,118,0,0,0
,0,118,4,2,0
,-2,120,-2,0,-2
,0,80,0,0,-2
,-2,46,0,0,-2
,-2,28,0,2,-2
,-2,16,-2,0,0
,-2,10,-4,0,-2
,-2,6,-2,2,0
,-2,2,-2,2,-2
,-2,2,0,2,-2
,-2,2,-2,2,-2
,-2,2,-2,2,-2
,-2,0,-2,0,0
,-2,0,-2,2,-2
,0,0,-2,2,-2
,-2,0,-2,2,0
,-2,-2,0,2,-2
,-2,0,-2,2,-2
,-2,0,-2,0,-2
,-2,-2,-2,2,-2
,-2,-2,-2,2,-2
,-2,-2,-2,2,-2
,-2,-2,-2,2,120
,-2,-2,-2,4,120
,-2,4,-2,0,120
,-2,-2,-2,2,120
,-2,-2,-2,2,118
,-2,0,-2,2,120
,122,-2,0,0,118
,120,0,2,2,118
,118,-2,-2,2,124
,118,-2,-2,0,118
,118,-2,0,0,118
,118,-2,0,2,118
,120,-2,0,2,120
,120,-2,0,0,118
,118,-2,0,0,118
,118,-2,0,0,120
,120,-2,0,0,120
,118,-2,0,0,120
,118,-2,0,0,118
,120,-2,0,0,118
,118,-2,0,0,118
,118,-2,0,0,118
,120,-2,2,0,118
,120,0,2,0,120
,118,0,120,4,120
,120,0,120,-2,120
,118,120,118,-2,118
,120,120,118,0,120
,118,120,120,-2,120
,118,118,120,-2,118
,118,120,120,-4,118
,118,122,118,-2,118
,120,118,120,-2,120
,118,118,120,0,120
,118,120,118,-2,118
,122,120,118,-2,118
,120,118,118,-2,118
,120,118,118,-2,120
,120,118,120,-2,118
,120,120,118,-2,118
,118,120,120,0,70
,118,120,118,-2,40
,120,118,118,-2,24
,118,120,120,-2,22
,120,118,118,-4,10
,78,118,118,-2,6
,44,120,120,-2,4
,28,118,118,2,2
,16,118,118,-2,2
,10,118,118,-2,2
,6,120,120,120,0
,4,120,118,120,0
,2,118,118,120,2
,2,118,120,118,2
,0,120,118,118,0
,0,118,118,118,0
,0,118,120,118,0
,0,120,118,118,0
,0,118,118,118,0
,0,118,118,118,0
,0,120,120,118,-2
,0,118,118,118,0
,-2,118,120,120,-2
,-2,120,118,118,-2
,0,120,118,118,-2
,-2,118,118,118,0
,-2,120,118,120,-2
,-2,118,118,118,-2
,-2,118,120,118,-2
,-2,120,120,118,-2
,-2,118,118,126,-2
,-2,118,120,118,-2
,-2,70,120,120,0
,-2,40,118,118,0
,-2,24,118,118,-2
,0,14,118,120,-2
,-2,10,118,120,-2
,-2,6,120,118,-2
,-2,2,120,118,0
,-2,0,118,120,120
,-2,0,118,118,120
,-2,0,118,118,120
,-4,0,122,118,120
,-2,2,118,120,120
,118,-2,118,118,118
,118,-2,118,120,120
,120,-2,118,118,118
,120,-2,120,118,120
,118,-2,116,118,118
,118,-2,64,120,120
,120,-2,38,120,118
,118,-2,22,118,120
,118,0,14,118,118
,120,-2,8,118,118
,118,-2,4,120,120
,120,-2,2,120,120
,120,-2,2,120,118
,118,-2,2,118,118
,120,-2,0,120,120
,118,0,0,122,118
,120,-2,0,120,118
,118,-2,0,120,120
,120,-2,0,120,118
,120,0,0,118,118
,118,0,2,118,118
,118,0,8,118,120
,120,0,2,118,118
,118,-2,2,118,120
,118,0,2,118,120
,118,0,2,118,118
,120,0,2,118,120
,118,0,0,118,120
,120,6,2,118,118
,120,0,2,120,124
,118,0,2,118,118
,118,0,2,120,118
,124,0,2,118,120
,118,0,2,118,118
,118,118,2,118,118
,120,120,0,118,66
,120,120,2,118,38
,120,120,2,118,24
,120,120,2,120,14
,98,120,2,118,10
,56,118,2,118,8
,34,118,2,120,4
,22,118,2,118,2
,14,118,2,118,2
,8,120,4,120,2
,4,120,2,120,2
,4,118,2,120,2
,2,118,0,118,0
,2,118,0,118,0
,2,118,0,118,0
,2,118,4,118,0
,0,118,0,118,0
,0,118,0,120,0
,0,118,0,118,0
,0,120,0,120,0
,0,118,0,120,0
,0,118,0,118,-2
,0,118,0,118,0
,0,118,0,118,0
,0,118,0,118,0
,0,118,0,118,-2
,6,120,0,122,-2
,-2,118,-2,118,0
,-2,120,0,118,-2
,0,120,-2,118,4
,-2,120,-2,118,-2
,-2,118,-2,118,-2
,-4,118,-2,118,-2
,-2,118,-2,118,-2
,-2,118,-2,118,-2
,-2,120,118,118,0
,-2,118,118,118,-2
,-2,118,120,118,-2
,0,120,122,118,-2
,-2,120,120,120,120
,-2,118,118,118,118
,-2,118,120,120,118
,-2,118,118,120,120
,-2,118,118,118,120
,118,118,120,82,118
,118,76,120,48,120
,120,40,118,30,118
,118,24,118,18,118
,118,14,120,12,118
,120,8,118,14,118
,118,4,118,4,120
,120,2,118,4,120
,120,0,120,4,120
,118,-2,118,2,120
,118,0,120,2,120
,120,-2,118,4,118
,118,0,118,2,118
,118,-2,118,2,120
,118,-4,118,2,118
,118,-2,120,2,118
,118,-2,120,0,118
,118,-2,122,2,120
,120,-2,120,0,118
,118,-2,118,0,118
,118,-2,120,0,124
,120,-2,118,2,118
,120,-2,118,0,118
,120,0,122,0,118
,118,0,118,0,118
,118,0,118,0,120
,118,-2,118,0,118
,120,0,120,0,118
,118,0,118,6,120
,118,0,118,0,120
,118,0,118,-2,120
,120,0,120,-2,118
,118,0,118,-2,118
,118,0,118,-2,120
,122,0,120,0,120
,118,0,118,-2,68
,118,6,118,-2,40
,118,0,118,-2,26
,118,0,120,-2,16
,84,0,120,-2,10
,50,0,118,0,6
,28,2,118,-2,4
,18,0,120,-2,2
,12,2,120,-2,2
,8,2,118,0,2
,4,2,118,-2,2
,4,2,120,-2,2
,2,120,118,-2,2
,2,118,118,-2,2
,2,120,120,-2,2
,2,118,118,-2,2
,2,120,118,2,0
,0,118,118,-2,2
,0,118,118,-2,0
,0,118,120,-2,0
,0,120,120,0,6
,0,118,118,0,0
,0,118,66,2,0
,0,118,38,0,0
,0,120,22,0,0
,0,120,14,0,0
,0,120,8,0,2
,0,120,6,0,-2
,2,120,4,-2,-2
,-2,118,2,0,0
,0,120,2,0,-2
,-2,118,0,0,-2
,-2,118,0,2,-2
,-2,120,0,0,-2
,0,120,2,0,-2
,-2,118,-2,0,-2
,-2,118,-2,0,-2
,-2,120,-2,2,-2
,-2,118,-2,2,-2
,-2,120,-2,2,120
,-2,118,-2,2,120
,-2,118,-2,2,120
,-2,120,-2,2,120
,118,118,-2,0,120
,120,118,-2,2,118
,120,118,-2,2,118
,118,120,-2,2,120
,120,118,-2,2,118
,120,118,-2,2,120
,120,118,-2,2,118
,118,120,-2,2,120
,118,118,-2,2,120
,118,118,-2,2,120
,120,120,-2,0,120
,118,118,-2,2,118
,118,120,0,2,124
,118,118,-2,2,120
,124,118,-2,2,118
,118,72,-2,2,118
,120,42,-2,2,118
,118,22,0,2,118
,120,14,0,2,120
,118,8,0,0,118
,120,4,2,0,118
,118,2,0,0,118
,118,2,0,0,118
,120,0,0,0,120
,120,-2,0,0,118
,118,0,0,2,120
,118,0,2,0,118
,118,-2,0,0,118
,118,-2,0,0,120
,120,-2,2,0,120
,120,-2,0,0,118
,118,0,0,0,118
,118,0,0,-2,120
,118,0,2,-2,118
,120,0,0,-2,120
,118,0,2,120,116
,120,0,2,120,62
,120,0,2,118,38
,118,0,2,118,24
,106,0,2,120,14
,60,0,2,118,10
,36,0,2,120,6
,22,0,2,118,4
,14,0,6,120,2
,10,0,2,118,2
,6,2,120,120,2
,4,0,120,118,2
,4,0,118,118,8
,2,2,118,122,2
,2,2,120,118,2
,2,2,118,120,2
,2,2,120,118,2
,2,2,118,118,2
,2,2,118,118,2
,2,2,118,118,2
,2,2,118,118,0
,0,2,118,120,0
,2,2,118,120,0
,0,2,118,120,0
,0,0,120,118,-2
,2,2,120,120,0
,0,118,118,120,0
,0,120,118,118,0
,0,118,118,118,0
,0,118,120,120,0
,0,120,118,120,0
,2,118,120,118,0
,0,118,118,118,0
,0,122,120,120,0
,0,120,120,118,0
,0,118,120,120,-2
,-2,118,118,124,-2
,2,120,124,118,-2
,-2,120,120,118,-2
,-2,120,118,120,-2
,-2,120,120,118,120
,-2,120,118,120,120
,-2,118,118,118,118
,-2,118,118,118,120
,118,118,118,118,120
,120,118,120,118,118
,120,118,120,120,118
,120,120,120,118,120
,120,118,118,118,118
,118,120,118,120,120
,118,120,118,118,120
,118,118,118,120,118
,120,118,118,118,118
,120,120,118,118,120
,120,118,120,118,120
,118,120,118,118,118
,120,120,120,120,118
,120,118,118,118,118
,118,120,118,118,118
,120,120,118,120,118
,122,118,122,118,118
,120,118,118,120,118
,120,124,118,120,120
,120,120,118,118,120
,118,118,118,120,120
,120,118,118,120,118
,118,118,122,118,118
,118,118,120,118,118
,118,120,118,118,118
,120,118,120,120,120
,120,118,118,120,118
,118,120,118,118,118
,118,82,118,118,120
,120,46,118,120,120
,118,28,120,120,118
,118,16,108,118,118
,120,10,60,118,118
,118,4,36,118,118
,120,2,20,118,120
,120,2,12,118,118
,118,0,8,120,64
,118,0,6,120,40
,118,0,4,124,30
,84,0,4,118,14
,48,0,2,118,10
,30,2,2,118,6
,18,0,2,118,4
,12,0,2,120,4
,8,0,2,118,8
,8,0,6,118,2
,4,0,2,120,2
,2,2,2,118,2
,2,0,2,118,2
,2,0,2,120,2
,2,0,2,118,2
,0,2,2,118,0
,2,0,2,120,2
,2,2,2,120,2
,2,0,2,118,2
,2,2,2,120,2
,2,2,2,118,2
,2,2,2,118,2
,2,2,2,120,2
,0,2,2,118,2
,2,2,2,118,2
,0,2,2,120,2
,0,2,2,118,0
,2,2,0,118,0
,2,2,0,120,0
,2,2,0,118,0
,0,2,2,118,0
,0,2,0,72,0
,2,2,6,42,0
,0,2,0,24,0
,0,2,0,14,0
,0,2,0,10,0
,0,0,0,6,0
,0,2,0,2,4
,0,120,0,2,-2
,-2,118,-2,2,120
,-2,126,0,2,120
,-2,118,0,2,120
,120,118,0,0,118
,120,120,-2,2,120
,118,120,-2,0,120
,120,118,-2,2,118
,118,118,-2,2,120
,118,118,-2,2,120
,120,118,0,2,118
,120,120,-2,2,118
,118,120,-2,2,120
,118,118,-2,2,120
,118,118,-2,2,120
,118,118,-2,2,118
,118,120,0,6,118
,120,120,0,2,118
,118,120,-2,2,118
,120,118,-2,2,118
,120,118,-2,2,120
,120,118,-2,2,120
,118,118,-2,2,120
,122,118,4,2,118
,118,118,118,2,118
,118,118,120,2,118
,118,118,120,2,120
,120,120,120,2,120
,120,118,118,2,118
,122,118,118,0,118
,120,118,118,2,120
,120,124,118,2,120
,120,118,118,2,118
,118,120,120,0,118
,120,120,118,0,118
,118,118,118,0,120
,120,118,120,0,120
,120,118,118,0,120
,118,118,120,0,118
,118,118,120,2,118
,120,120,120,0,108
,118,118,120,0,60
,118,120,118,0,36
,112,118,120,0,22
,62,118,118,0,14
,36,120,118,-2,10
,22,82,120,-2,4
,14,46,120,-2,4
,8,28,120,0,2
,6,16,118,-2,2
,4,10,118,-2,2
,4,6,120,-2,2
,2,4,120,-2,2
,2,2,118,-2,2
,2,2,118,-2,2
,2,0,120,-2,2
,2,0,120,0,2
,2,0,118,-2,2
,4,0,118,-2,2
,2,0,118,-2,2
,2,6,118,-2,2
,2,0,118,-2,0
,2,2,120,4,2
,0,2,120,-2,2
,0,2,118,-2,2
,2,2,118,-2,2
,2,2,118,-2,2
,2,2,118,-2,2
,2,2,120,-2,2
,2,2,120,-2,0
,0,2,118,-2,0
,0,2,120,-2,0
,2,2,118,-2,0
,0,0,118,0,0
,0,2,118,-2,0
,0,2,124,0,6
,-2,2,120,-2,0
,-2,2,118,0,0
,2,2,120,0,0
,0,2,118,0,0
,0,2,118,0,118
,6,0,118,0,118
,0,2,118,0,118
,120,2,118,0,118
,120,0,120,0,120
,120,2,118,0,118
,118,2,118,0,118
,118,0,118,0,118
,118,2,118,2,118
,120,4,98,2,118
,120,2,54,2,120
,120,0,32,0,118
,118,118,18,0,118
,120,120,10,2,120
,118,120,4,2,118
,118,118,2,2,118
,118,118,2,2,120
,118,118,-2,2,120
,118,120,4,2,120
,118,120,-2,2,120
,120,118,0,2,120
,118,118,-2,2,118
,118,120,-2,2,118
,118,120,-2,2,118
,118,120,2,2,120
,120,118,-2,2,120
,118,120,-2,120,118
,120,118,-2,118,118
,120,118,0,124,120
,118,118,-2,120,118
,122,118,-2,120,122
,118,120,-2,120,120
,120,124,-2,118,120
,118,120,-2,118,118
,120,118,0,122,118
,118,120,-2,118,118
,118,118,-2,120,120
,120,118,-2,118,120
,118,120,-2,118,118
,120,120,0,118,108
,118,120,0,118,60
,118,120,0,118,36
,90,118,0,118,22
,52,118,0,120,14
,30,118,0,120,8
,18,118,0,118,6
,12,118,0,118,4
,8,120,4,118,2
,6,118,0,120,2
,2,118,2,120,2
,4,118,2,120,2
,2,118,2,120,2
,2,118,0,118,2
,4,120,2,118,2
,2,118,2,120,2
,2,120,2,118,2
,2,118,2,118,2
,2,118,2,122,2
,2,104,2,118,2
,6,58,2,118,2
,2,36,2,120,2
,2,22,0,118,2
,2,14,2,118,2
,2,10,2,118,2
,2,6,2,118,2
,2,2,2,118,6
,2,2,2,118,2
,2,6,0,118,2
,2,2,2,118,2
,2,2,2,118,2
,2,2,2,118,2
,0,2,2,120,2
,2,2,2,120,0
,2,0,2,118,0
,2,2,0,120,0
,0,0,2,118,2
,0,2,118,118,0
,0,2,120,118,0
,0,2,118,118,-2
,0,2,118,120,120
,0,2,120,120,120
,34,2,120,120,118
,124,2,118,118,120
,118,2,118,118,120
,120,2,118,120,118
,120,2,118,118,118
,120,0,120,118,118
,118,2,118,118,118
,120,0,118,118,118
,118,0,118,118,118
,118,2,118,120,118
,120,0,120,118,118
,120,0,118,118,118
,118,2,120,118,118
,118,0,118,118,120
,118,0,118,118,120
,118,2,120,118,118
,118,0,118,118,118
,120,0,118,118,118
,118,0,122,120,120
,118,0,118,120,122
,118,0,118,118,120
,120,0,118,118,118
,118,0,120,122,118
,120,0,118,120,120
,118,118,118,120,118
,120,118,118,118,118
,118,120,118,118,120
,118,118,120,118,118
,118,120,120,118,120
,118,120,118,118,120
,118,118,118,118,118
,118,118,118,120,118
,118,118,118,118,120
,118,118,120,120,118
,118,118,120,118,118
,118,120,118,120,120
,120,118,118,120,118
,118,118,118,118,94
,120,122,118,120,54
,118,120,118,120,30
,66,118,120,118,18
,38,120,126,118,12
,22,118,118,118,8
,14,120,118,118,4
,8,120,120,118,2
,4,118,118,122,2
,4,120,120,118,2
,2,118,120,118,2
,2,120,118,120,2
,2,120,118,118,2
,2,118,118,120,2
,2,118,120,120,2
,2,120,120,118,2
,2,120,118,118,2
,0,120,118,118,6
,0,120,120,118,2
,2,118,118,112,2
,2,118,118,62,2
,2,118,118,36,2
,4,118,118,20,2
,2,118,118,12,2
,2,120,70,6,2
,2,118,40,2,2
,2,118,26,0,2
,2,118,16,0,2
,2,118,10,0,2
,2,118,6,0,2
,2,122,4,-2,2
,2,120,4,0,2
,2,118,2,-4,2
,2,64,4,-2,2
,2,38,2,-2,2
,2,24,2,-2,0
,2,14,2,0,2
,0,10,2,0,2
,2,6,2,-2,0
,2,6,0,-2,2
,2,4,2,0,120
,0,2,0,-2,120
,120,2,0,-2,118
,118,2,0,-2,118
,118,2,2,-2,120
,120,2,0,0,118
,118,2,0,0,120
,118,2,0,0,118
,120,2,0,0,118
,118,2,0,-2,118
,118,2,0,0,120
,122,2,0,0,118
,118,2,0,0,122
,118,4,0,0,120
,120,2,0,2,120
,120,2,0,0,120
,120,2,2,0,120
,118,0,-2,0,118
,120,0,-2,0,120
,118,2,-2,0,120
,120,0,-2,6,118
,120,0,-2,2,120
,120,0,0,2,120
,118,0,-2,2,118
,118,0,-2,2,118
,120,0,-2,2,118
,118,0,-2,2,118
,118,0,-2,2,118
,118,0,-2,2,120
,120,0,0,2,118
,118,0,-2,0,118
,120,-2,-2,2,118
,118,-2,-2,2,118
,118,-2,-2,2,118
,126,-2,-4,2,120
,118,-2,-2,2,120
,118,-2,-2,2,118
,120,-2,-2,2,118
,118,-2,-2,0,118
,118,120,-2,2,100
,120,120,0,2,56
,96,118,-2,2,32
,52,120,-2,0,18
,32,118,-2,2,12
,20,118,0,2,8
,12,120,4,0,4
,6,118,0,2,2
,4,118,0,0,2
,2,122,0,0,0
,2,120,0,-2,0
,2,118,118,0,2
,0,120,118,0,0
,0,118,118,0,0
,2,120,118,0,2
,2,118,120,0,2
,2,120,120,-2,2
,2,120,118,0,2
,2,120,118,0,2
,2,120,118,0,2
,2,120,118,0,0
,2,118,118,0,2
,2,118,118,-2,2
,2,118,120,-2,2
,6,118,118,-2,2
,2,118,118,-2,2
,2,120,118,-2,2
,2,118,118,2,2
,2,118,118,-2,2
,2,120,124,-2,2
,2,118,120,-2,2
,2,118,120,-2,2
,2,120,120,-2,2
,2,118,120,-2,2
,2,120,118,-2,2
,2,120,118,-2,2
,2,118,118,-2,2
,2,118,118,-2,2
,0,122,120,-2,2
,2,118,118,-4,0
,2,118,118,-2,120
,0,120,118,-2,118
,120,118,118,0,118
,120,118,118,-2,126
,120,118,118,0,118
,118,118,118,-2,120
,120,78,120,-2,120
,118,46,118,0,120
,118,28,118,0,120
,118,18,120,0,122
,120,12,118,2,118
,118,8,120,0,118
,120,4,118,0,120
,120,4,118,120,118
,118,4,120,120,118
,120,2,118,118,118
,120,2,118,118,118
,120,2,118,120,118
,118,2,122,118,118
,118,2,120,120,120
,120,0,118,118,120
,120,0,120,118,120
,118,0,118,118,120
,120,2,118,120,120
,118,0,118,118,120
,118,2,118,118,120
,118,0,118,118,118
,118,2,118,118,118
,118,0,120,118,118
,118,0,118,118,120
,120,0,118,120,118
,118,0,118,118,118
,120,0,118,120,120
,118,-2,118,120,118
,118,-2,120,118,120
,118,-2,118,118,118
,122,-2,118,120,120
,120,-2,102,118,118
,118,-2,56,118,124
,120,-2,32,120,86
,118,-2,18,118,48
,68,-2,10,118,28
,40,-2,6,118,16
,22,-2,2,118,10
,12,-2,2,118,10
,8,-2,0,118,2
,6,-2,0,118,2
,2,-2,2,118,2
,2,-2,-2,120,0
,2,0,-2,120,0
,0,4,0,118,0
,2,-2,0,118,0
,0,118,0,118,0
,0,120,0,118,0
,-2,118,0,118,0
,0,118,0,120,0
,0,120,0,122,0
,0,118,0,118,0
,2,118,0,118,2
,2,118,0,120,2
,2,120,0,118,2
,2,118,0,120,2
,2,118,2,118,2
,2,118,2,120,0
,2,118,2,120,2
,2,118,0,120,2
,2,120,0,118,2
,2,118,2,118,2
,2,118,2,118,2
,2,118,2,118,0
,2,118,6,118,2
,2,118,2,118,2
,2,118,2,118,2
,2,120,2,118,4
,2,118,2,118,2
,2,118,2,118,2
,2,120,0,118,2
,0,118,2,120,2
,2,118,2,118,2
,2,122,2,118,120
,120,120,2,118,120
,120,120,2,120,120
,118,120,2,118,118
,120,120,2,118,120
,118,118,2,118,118
,118,120,2,124,118
,120,118,2,118,118
,118,118,2,118,118
,120,120,2,120,120
,118,120,0,118,120
,120,120,0,118,120
,120,118,0,118,118
,118,120,2,120,118
,118,120,2,118,120
,126,120,0,120,118
,118,118,0,120,118
,118,118,0,120,118
,118,118,0,118,118
,120,94,0,120,120
,118,54,0,120,118
,118,32,0,118,118
,120,20,0,118,118
,118,12,0,120,118
,118,8,-2,118,118
,118,4,118,120,120
,120,4,118,118,118
,118,2,118,118,118
,118,2,118,118,120
,120,6,118,120,120
,118,0,120,118,118
,120,0,118,118,118
,120,0,118,120,118
,120,0,120,118,118
,120,0,120,118,118
,118,2,118,120,124
,118,0,120,120,118
,118,-2,120,118,118
,118,0,118,120,120
,120,-2,118,118,92
,104,0,118,118,50
,56,-2,118,118,28
,34,-2,118,118,16
,18,-2,120,118,10
,14,-2,120,120,6
,6,0,118,118,2
,2,-2,120,64,0
,2,-2,118,38,-2
,0,-2,118,24,0
,0,-2,118,16,0
,2,-2,120,10,0
,0,-2,118,6,0
,0,0,118,4,0
,0,-2,120,2,0
,0,-2,118,0,0
,2,-2,118,2,0
,0,-2,118,2,0
,0,-2,118,2,0
,0,-2,118,0,0
,0,-2,118,0,0
,0,-2,118,0,0
,0,-2,118,0,0
,0,-2,120,0,0
,0,-2,120,0,0
,2,-2,118,0,2
,2,0,118,0,0
,2,120,122,0,2
,4,120,118,0,2
,2,120,118,0,2
,2,118,120,0,0
,2,118,118,-2,6
,2,118,118,-2,2
,2,118,120,-2,2
,6,118,118,0,2
,2,118,118,-2,2
,2,120,118,0,2
,2,120,120,-2,2
,2,120,120,-2,2
,2,120,118,-2,2
,2,118,120,-2,120
,120,118,118,0,120
,120,124,118,-2,118
,118,120,120,-2,118
,120,118,120,-2,120
,118,120,118,0,118
,118,118,120,-2,118
,120,120,120,-2,120
,120,120,118,-2,120
,118,118,118,-2,118
,120,120,120,-2,120
,120,120,120,-2,118
,118,120,108,0,118
,118,118,60,-2,120
,118,118,36,-2,120
,118,118,22,-2,120
,120,118,16,0,118
,120,118,8,0,120
,118,120,4,-2,118
,118,118,4,6,118
,120,118,2,0,120
,120,118,2,0,120
,118,118,0,0,118
,118,118,0,0,120
,120,118,0,0,118
,118,120,0,2,118
,118,118,0,0,118
,118,120,0,0,120
,120,118,0,0,120
,120,118,-2,2,120
,118,118,-2,0,118
,120,124,0,2,118
,120,118,0,0,120
,118,70,-2,0,120
,120,42,-2,2,118
,118,24,-2,2,120
,118,14,-2,2,118
,118,8,-2,2,118
,120,6,-2,2,118
,118,2,4,0,78
,74,2,-2,2,44
,40,2,-2,2,24
,24,0,-2,2,14
,14,0,-2,2,8
,8,-2,-2,2,4
,4,-2,-2,2,2
,6,-2,-2,2,0
,0,0,-2,2,0
,-2,-2,-2,4,0
,0,-2,-2,2,0
,-2,-2,-2,2,-2
,0,-2,-2,2,-2
,-2,-2,-2,2,0
,-2,-2,-2,2,0
,-2,0,-2,2,0
,0,-2,0,2,0
,0,-2,0,0,0
,0,-2,0,2,0
,0,-2,0,0,0
,0,0,-2,0,0
,0,-2,0,0,0
,0,-2,0,0,2
,0,-2,6,0,0
,2,-2,0,0,0
,0,-2,0,0,0
,0,-2,0,0,0
,0,0,0,-2,0
,0,-2,0,0,2
,2,-2,2,0,0
,2,-2,0,0,0
,0,0,2,0,2
,0,-2,0,4,2
,2,-2,0,-2,2
,2,0,2,-2,2
,2,0,0,-2,2
,2,0,2,-2,2
,0,0,2,-2,2
,2,0,2,-2,2
,2,0,2,-2,2
,118,118,120,120,120
,120,118,120,120,120
,120,118,118,120,118
,118,120,120,120,118
,118,120,118,118,118
,118,118,118,120,120
,120,118,118,118,118
,118,120,118,118,120
,118,118,118,120,118
,120,118,118,118,118
,118,122,118,118,120
,118,120,118,118,118
,118,118,120,118,118
,118,120,118,118,118
,118,118,118,118,120
,118,118,120,124,120
,118,120,118,118,118
,120,120,118,120,120
,118,118,120,120,118
,122,120,118,118,120
,118,118,120,118,120
,118,120,120,118,120
,120,118,120,118,118
,118,120,118,118,122
,120,118,118,118,120
,122,120,120,120,120
,118,120,120,118,120
,120,120,118,118,118
,120,120,120,120,120
,120,118,118,120,118
,120,120,118,120,118
,118,118,118,120,120
,118,118,118,118,118
,118,120,118,118,120
,118,120,118,120,118
,118,120,122,118,118
,118,118,118,118,120
,118,118,120,118,118
,118,120,118,120,118
,116,124,118,120,80
,62,118,118,118,44
,36,118,118,118,26
,20,120,118,118,14
,12,118,118,118,8
,6,118,120,118,4
,2,118,118,120,2
,0,92,118,118,0
,0,52,118,118,0
,2,30,118,118,-2
,-2,18,118,118,0
,0,10,118,118,-2
,0,4,120,118,-2
,-2,2,120,118,4
,-2,0,118,118,-2
,2,0,118,118,-2
,-2,0,120,118,0
,-2,-2,120,118,0
,0,-2,120,118,0
,0,-2,118,120,4
,0,-2,118,118,0
,-2,-2,118,120,-2
,0,-2,118,126,0
,0,-2,118,118,0
,0,-2,120,118,0
,0,-2,122,118,0
,0,-2,118,118,0
,0,-2,98,118,0
,0,-2,54,120,0
,0,0,32,118,0
,0,-2,20,120,0
,0,-2,12,120,0
,0,-2,6,120,0
,0,-2,4,118,2
,0,-2,2,118,2
,2,0,2,120,2
,2,0,2,118,2
,2,0,2,120,2
,8,0,2,120,2
,2,0,2,118,26
,120,0,2,118,118
,120,0,2,118,118
,120,0,2,118,120
,118,0,2,118,118
,120,0,2,120,118
,118,0,2,120,120
,118,0,2,118,118
,120,0,2,118,118
,118,0,4,118,126
,118,0,0,118,120
,118,2,2,118,118
,120,2,2,122,118
,118,2,2,118,118
,118,2,2,120,118
,120,120,0,120,122
,120,120,2,120,120
,118,120,2,118,120
,120,120,2,118,120
,120,120,2,120,120
,118,118,2,120,120
,118,118,2,118,118
,120,118,2,118,120
,120,118,2,118,118
,120,118,2,118,120
,118,120,2,120,120
,118,118,0,118,118
,118,118,0,118,118
,120,118,0,120,118
,118,120,0,118,118
,120,120,0,118,120
,120,118,2,118,118
,118,118,0,118,120
,118,120,0,104,118
,118,118,-2,56,120
,118,120,0,36,120
,118,120,0,20,118
,118,118,0,12,120
,118,120,2,8,118
,118,118,-2,6,118
,78,118,-2,4,72
,44,118,0,2,40
,26,120,-2,2,24
,14,120,-2,2,14
,8,120,-2,2,12
,4,120,-2,2,4
,2,118,-2,2,2
,0,120,-2,2,2
,0,122,-2,2,0
,0,118,-2,2,0
,-2,120,-2,2,2
,4,120,-2,2,-2
,0,120,-2,2,-2
,-2,118,-2,2,-2
,-2,118,-2,2,-2
,-2,118,120,2,-2
,-2,120,120,0,-2
,-2,120,118,2,-2
,-2,120,120,8,-2
,-2,118,118,2,0
,0,120,120,2,0
,-2,74,118,2,-2
,-2,42,118,2,0
,-2,24,120,2,0
,0,14,118,2,-2
,-2,8,120,2,0
,0,4,118,2,0
,0,2,120,2,0
,0,0,120,0,-2
,0,0,118,0,0
,0,0,120,0,0
,0,4,120,0,0
,0,-2,120,0,0
,0,-2,118,0,0
,0,0,118,0,0
,0,-2,118,0,0
,0,0,120,0,0
,0,-2,120,0,0
,0,0,118,-2,2
,24,-2,118,0,90
,120,-2,118,0,120
,118,0,120,0,120
,120,-2,118,-2,118
,120,0,118,0,118
,120,0,122,-2,118
,118,0,118,-2,122
,120,0,118,-2,118
,120,0,120,-2,118
,120,0,118,-2,120
,120,0,118,-2,120
,120,2,122,0,118
,120,0,120,-2,118
,118,2,120,-2,120
,120,0,118,-2,118
,120,2,118,-2,120
,118,2,120,-2,120
,120,0,118,-2,120
,120,2,118,-2,118
,118,2,118,-2,118
,118,2,120,-2,118
,118,2,120,-2,118
,118,2,118,-2,120
,120,0,120,-2,118
,120,2,118,-2,118
,118,2,118,4,118
,120,0,120,-2,120
,118,2,118,-2,118
,118,120,120,-2,118
,118,118,118,-2,118
,122,120,118,0,118
,118,118,120,2,120
,118,120,118,0,120
,120,118,118,0,118
,118,120,124,0,118
,118,120,118,0,120
,118,120,118,0,120
,118,118,118,0,118
,118,118,118,0,120
,118,118,120,0,118
,68,118,118,0,70
,38,120,118,0,44
,22,118,102,0,24
,14,120,56,0,14
,6,120,32,0,8
,4,118,20,2,4
,2,118,10,0,2
,0,118,6,2,-2
,0,120,2,6,-2
,-2,118,0,2,0
,0,122,0,2,0
,-2,120,0,2,0
,-2,118,0,2,0
,0,118,-2,2,-2
,-2,120,-2,4,-2
,-2,118,-2,2,-2
,-2,120,0,2,0
,-2,118,4,2,0
,-2,120,-2,2,-2
,-2,118,-2,2,-2
,-2,120,-2,2,-2
,-2,120,-2,0,-2
,-2,118,-2,2,-2
,-2,118,2,2,-2
,-2,118,-2,2,-2
,-2,118,-2,2,-2
,-2,120,-2,120,0
,-2,120,-2,118,-2
,0,118,0,120,0
,0,118,-2,118,0
,-2,118,-2,120,2
,-2,118,0,120,0
,-2,120,0,118,0
,0,118,0,118,0
,0,96,0,120,0
,0,54,0,120,0
,0,32,0,120,4
,0,18,0,124,0
,0,10,0,120,0
,120,12,0,120,120
,120,2,0,118,120
,118,0,0,118,118
,120,2,0,120,118
,118,0,0,120,118
,118,0,0,118,118
,120,0,2,118,120
,118,0,2,120,120
,118,0,2,118,118
,122,0,0,118,120
,120,0,2,118,118
,120,0,2,118,118
,118,-2,2,118,118
,120,0,2,118,118
,118,0,2,118,118
,120,0,2,118,118
,120,0,2,118,118
,120,0,2,118,120
,118,0,2,118,118
,120,0,2,118,118
,118,2,2,118,118
,118,2,2,122,118
,120,2,2,118,118
,118,2,2,118,120
,118,2,2,118,118
,118,2,2,120,118
,118,2,2,118,124
,118,2,2,118,120
,120,2,2,118,118
,120,4,2,118,120
,118,2,120,120,120
,118,2,118,118,118
,124,2,120,120,120
,120,2,120,118,118
,120,2,120,120,120
,120,2,120,118,120
,118,2,120,118,120
,118,2,118,120,118
,120,2,118,118,118
,88,2,120,118,118
,50,2,120,120,62
,30,2,118,118,38
,18,120,118,118,22
,10,120,118,120,14
,6,118,118,124,6
,4,118,118,118,2
,2,120,118,118,2
,2,118,120,118,2
,0,118,118,118,0
,-2,118,118,118,-2
,-2,118,118,118,0
,-2,118,120,118,-2
,-2,124,120,118,-2
,-2,120,118,120,-2
,-2,120,118,120,-2
,-2,120,118,120,-2
,-2,118,118,118,-2
,-2,118,118,118,-2
,-2,122,118,120,-2
,-2,118,122,118,-2
,-2,118,118,118,-2
,0,118,120,118,4
,-2,118,120,118,-2
,-2,118,120,118,-2
,-2,118,118,118,-2
,-2,118,118,118,0
,-2,118,118,118,-2
,0,120,118,122,2
,-2,118,118,120,-2
,-2,118,118,118,-2
,-2,118,118,118,0
,0,120,118,118,0
,0,120,118,118,-2
,-2,118,118,120,0
,-2,120,118,118,-2
,0,120,118,118,0
,0,118,118,118,0
,0,118,118,120,0
,0,120,118,118,0
,118,120,118,120,120
,118,120,120,120,120
,120,124,120,120,120
,118,118,126,120,118
,118,118,118,118,120
,120,120,118,120,118
,118,118,120,118,118
,120,118,118,118,118
,118,118,118,120,118
,118,84,118,118,120
,118,48,118,118,120
,120,28,118,126,120
,118,18,120,118,120
,120,10,118,118,120
,118,6,118,120,120
,120,2,118,118,118
,118,2,120,118,120
,118,2,78,120,124
,120,2,46,86,118
,118,0,28,48,120
,118,0,18,28,120
,120,0,12,16,118
,118,0,6,10,118
,120,0,4,4,120
,118,2,4,4,120
,118,2,4,0,118
,118,0,2,2,118
,118,2,2,0,120
,118,2,2,-2,118
,118,2,2,-2,118
,120,2,2,-2,118
,118,2,2,-2,120
,120,2,8,-2,120
,118,2,2,0,120
,118,2,0,2,118
,118,2,2,-2,118
,120,2,2,-2,120
,118,4,0,-2,120
,118,2,2,0,118
,74,2,2,0,120
,46,2,0,2,66
,26,2,0,0,38
,14,2,0,-2,22
,10,2,0,0,14
,6,2,0,0,8
,4,2,0,0,4
,2,2,0,0,2
,0,2,0,0,2
,0,2,0,0,0
,0,2,0,0,0
,0,0,0,0,0
,0,0,-2,0,0
,-2,0,-2,0,4
,-2,0,-2,0,-2
,-2,0,-2,0,-2
,-2,64,4,2,-2
,0,120,-2,2,-2
,0,120,-2,2,-2
,-2,120,-2,2,2
,-2,118,-2,2,-2
,-2,122,-2,2,-2
,-2,120,-2,2,-2
,0,118,-2,2,-2
,0,120,-2,2,-2
,-4,118,0,2,-2
,-2,118,-2,2,-2
,-2,118,-2,2,-2
,-2,120,0,2,-2
,-2,118,-2,2,-2
,0,118,-2,0,-2
,-2,120,-2,2,-4
,-2,118,-2,2,-2
,0,118,-2,2,-2
,-2,118,-2,2,-2
,0,120,-2,2,-2
,-2,120,-2,2,0
,-2,118,-2,2,-2
,0,118,-2,0,0
,118,118,2,2,0
,120,118,0,2,120
,118,120,0,0,118
,118,118,-2,0,120
,118,118,-2,0,120
,120,118,0,0,118
,118,120,120,0,120
,120,120,120,0,118
,118,120,120,2,120
,118,120,118,0,124
,118,118,120,0,120
,120,124,118,0,118
,118,118,118,0,118
,120,120,118,0,120
,124,118,118,0,120
,120,120,118,0,122
,120,120,118,-2,120
,120,118,118,-2,120
,120,118,118,-2,120
,118,118,118,-2,120
,118,120,120,-2,118
,118,118,118,-2,118
,120,120,120,-2,118
,118,118,118,-2,120
,118,66,118,-2,120
,118,38,118,-2,118
,118,24,120,-2,118
,118,14,118,-2,118
,118,10,118,-2,120
,120,6,124,-2,120
,120,4,120,-2,120
,120,2,118,4,118
,118,2,120,-2,120
,118,2,120,-2,118
,120,6,118,-2,118
,118,2,118,-4,120
,120,2,118,-2,120
,120,2,118,-2,118
,118,2,120,-2,118
,100,2,120,-2,118
,56,2,120,-2,106
,32,2,118,0,58
,20,2,120,-2,34
,16,2,118,0,20
,6,2,118,0,14
,4,2,118,-2,6
,2,2,118,0,4
,2,2,118,0,2
,2,2,118,0,2
,0,2,118,0,2
,0,2,118,0,0
,0,2,118,6,0
,0,2,120,120,-2
,0,2,120,118,0
,0,2,118,120,0
,-2,0,118,118,-2
,-2,0,118,120,-2
,-2,2,118,120,-2
,-2,0,124,118,-2
,-2,0,120,118,-2
,-2,0,118,118,-2
,-2,0,120,118,-2
,-2,0,118,118,-4
,-2,2,118,120,-2
,-2,0,118,118,-2
,-2,0,120,118,-2
,-2,0,118,118,0
,-2,0,120,120,-2
,-2,0,118,118,-4
,-2,2,118,118,-2
,-2,120,118,118,-2
,-2,118,118,118,-2
,0,118,86,118,-2
,-2,118,48,120,-2
,-2,118,28,118,-2
,-2,118,16,118,-2
,-2,118,8,120,-2
,-2,120,4,120,-2
,-2,118,2,118,-2
,120,120,0,120,2
,118,118,0,118,118
,118,118,4,118,120
,118,120,0,118,120
,120,118,0,118,120
,120,120,0,120,118
,120,118,0,118,120
,118,120,0,118,118
,118,118,0,120,118
,120,118,0,118,120
,118,120,-2,118,120
,120,120,0,118,118
,120,118,0,118,118
,118,124,0,118,118
,118,120,0,120,118
,118,120,0,120,120
,120,118,-2,118,120
,118,120,0,118,118
,120,118,2,120,118
,120,120,0,118,120
,118,120,0,120,120
,118,118,2,124,118
,120,118,0,118,120
,120,120,2,118,120
,118,118,2,118,118
,120,118,6,118,118
,120,118,2,118,118
,120,118,0,118,120
,118,118,2,118,120
,120,118,2,120,118
,120,120,2,120,118
,118,120,4,120,118
,120,120,0,120,120
,118,120,2,118,120
,118,118,2,120,118
,118,118,2,118,118
,118,120,2,120,118
,118,118,0,120,120
,118,64,0,118,120
,82,38,2,118,120
,46,24,2,118,108
,28,14,2,118,60
,18,14,2,118,36
,12,6,0,118,22
,6,4,2,120,14
,10,4,2,120,8
,2,2,0,120,6
,2,2,2,118,4
,2,2,2,120,2
,2,2,0,120,0
,0,2,0,120,2
,2,2,0,118,0
,0,2,0,120,0
,0,2,0,118,-2
,0,0,4,118,0
,0,2,0,118,0
,-2,0,-2,118,0
,0,2,0,120,0
,-2,2,0,120,0
,-2,2,-2,120,-2
,0,2,120,120,-2
,0,2,118,118,-2
,-2,2,118,118,-2
,-2,0,118,118,-2
,-2,0,120,118,-2
,-2,0,118,118,-2
,-2,0,118,118,-2
,-2,0,118,124,-2
,-2,0,118,118,-2
,-2,0,118,118,-2
,-2,0,120,118,-2
,0,0,118,118,-2
,-2,0,118,118,-2
,-2,0,118,120,-2
,-2,0,118,118,-2
,-2,0,118,120,-2
,-2,0,118,120,-2
,-2,0,120,118,-2
,118,-2,120,118,-2
,118,-2,120,118,0
,120,-2,118,118,120
,120,-2,120,118,120
,120,-2,120,102,120
,120,-2,120,58,118
,120,120,118,34,120
,120,118,118,22,120
,118,118,120,14,120
,118,118,120,8,118
,120,120,118,6,118
,118,118,118,4,118
,120,118,120,2,120
,118,118,118,2,118
,118,118,120,2,120
,118,118,118,0,120
,120,126,120,0,118
,118,120,118,0,118
,120,120,118,6,120
,120,118,118,0,120
,118,118,118,0,120
,118,118,118,0,120
,118,120,118,0,120
,118,120,118,0,118
,120,118,120,-2,120
,124,120,120,0,118
,120,118,118,-2,118
,120,118,120,-2,120
,120,118,120,-2,120
,120,120,118,-2,120
,120,120,118,-2,120
,118,120,118,-2,118
,120,120,118,-2,118
,120,118,118,-2,122
,118,118,118,-2,118
,120,118,118,-2,118
,120,120,120,-2,120
,118,118,120,-2,118
,118,120,118,-2,118
,110,118,118,-2,118
,60,118,118,-2,118
,38,118,118,2,96
,22,120,118,-2,54
,14,118,120,-2,34
,8,118,120,-2,20
,6,124,118,-2,12
,4,120,118,-2,8
,2,118,118,-2,4
,4,120,84,-2,4
,2,118,48,-2,2
,0,118,30,0,2
,2,120,18,-2,0
,2,98,12,-2,0
,2,54,6,-2,0
,2,34,4,-2,0
,0,22,2,-2,0
,0,14,2,0,0
,0,10,4,0,-2
,0,6,2,0,0
,0,4,0,0,0
,-2,4,0,0,0
,0,2,0,0,0
,0,2,0,0,2
,0,2,-2,0,-2
,-2,0,0,2,-2
,-2,2,0,0,-2
,-2,0,-2,0,-2
,-2,2,0,2,-2
,-2,0,-2,2,2
,-2,0,0,0,-2
,-2,0,-2,2,-2
,-2,0,-2,2,0
,-2,0,-2,2,-2
,-2,0,-2,2,-2
,-2,4,0,2,0
,-2,0,-2,2,-2
,-2,0,-2,2,-2
,2,0,-2,2,-2
,-2,0,-2,2,-2
,120,0,-2,2,-2
,120,0,0,2,-2
,118,-2,-2,2,120
,118,-2,-2,2,118
,118,-2,-2,2,118
,120,0,-2,2,120
,118,-2,-2,2,120
,118,-2,-2,2,118
,120,-2,-2,8,118
,120,-2,-2,2,118
,118,-2,-2,2,118
,118,-2,-2,2,120
,118,-2,-2,2,120
,118,-2,-2,2,118
,120,-2,-2,2,118
,120,-2,0,2,120
,118,-2,0,0,118
,118,-2,0,2,120
,120,-2,0,0,120
,118,-2,0,0,118
,118,118,0,-2,118
,120,120,0,0,120
,120,120,0,0,118
,118,118,0,0,118
,120,120,4,0,122
,120,118,-2,0,120
,120,118,0,0,120
,120,120,0,0,118
,118,118,0,0,120
,118,118,0,-2,118
,120,118,2,-2,120
,120,120,2,2,120
,118,118,0,-2,120
,120,118,2,-2,118
,118,120,2,-2,120
,120,118,2,-2,120
,120,118,118,120,118
,118,120,120,118,118
,118,118,120,120,118
,92,120,118,120,120
,52,118,118,118,120
,32,120,120,118,94
,20,118,118,118,54
,14,118,118,118,32
,8,120,120,120,20
,6,118,118,118,12
,4,118,120,118,8
,4,120,126,120,6
,2,118,120,118,4
,2,118,118,118,2
,2,120,120,120,2
,2,118,118,118,2
,0,118,118,118,2
,2,120,120,120,2
,0,118,118,126,0
,2,118,118,118,0
,2,118,120,118,0
,0,120,120,120,0
,0,118,118,118,0
,0,118,118,118,2
,0,120,118,120,0
,0,118,118,120,0
,0,120,118,118,0
,0,120,120,120,0
,0,118,120,118,0
,0,118,118,118,0
,0,100,120,118,0
,0,56,118,118,-2
,-2,34,118,118,0
,-2,22,118,118,0
,-2,12,118,120,-2
,-2,8,120,118,0
,0,4,118,118,-2
,-2,2,120,120,-2
,-2,2,118,118,-2
,-2,2,120,120,0
,-2,2,120,120,-2
,-2,0,118,120,-2
,-2,0,118,118,-2
,120,0,120,118,-2
,120,0,118,118,0
,118,0,120,118,120
,118,2,118,120,120
,118,0,118,122,118
,118,0,118,118,118
,122,0,120,118,118
,120,-2,120,120,118
,118,-2,118,120,118
,120,-2,120,118,120
,120,-2,118,118,118
,118,-2,118,118,120
,118,-2,118,120,118
,120,-2,120,120,118
,118,-2,120,120,118
,118,-2,118,118,124
,120,-2,118,118,120
,118,-2,118,120,118
,118,-2,118,118,120
,120,0,118,118,118
,118,-2,120,118,118
,118,-4,120,120,118
,118,-2,118,118,120
,118,-2,118,120,118
,118,-2,72,118,120
,118,-2,40,118,120
,118,4,28,120,118
,118,-2,14,120,118
,118,-2,10,120,118
,120,0,6,120,120
,118,-2,4,120,118
,120,-2,2,118,120
,120,2,2,118,118
,118,-2,2,118,118
,118,120,2,118,118
,122,120,2,118,120
,120,120,2,120,118
,120,118,2,120,120
,118,118,2,118,118
,68,118,2,118,118
,40,118,2,118,118
,22,118,2,120,82
,16,120,2,118,48
,10,118,6,118,28
,6,120,2,118,18
,6,118,2,118,12
,4,118,2,120,8
,2,118,2,118,4
,2,120,2,118,4
,2,120,2,118,2
,2,118,2,126,8
,2,120,2,118,4
,2,118,2,118,2
,2,118,2,120,2
,2,118,2,118,2
,2,122,2,120,2
,2,120,2,120,2
,2,118,2,118,0
,6,120,2,118,0
,0,120,2,118,2
,0,118,2,118,2
,2,120,0,120,0
,0,120,0,118,0
,0,118,0,118,0
,0,120,0,118,0
,0,120,0,120,0
,0,118,0,82,0
,0,118,0,46,0
,0,118,0,28,-2
,0,118,0,16,0
,0,118,0,10,0
,0,118,0,6,-2
,-2,120,6,4,-2
,0,118,0,6,-2
,0,120,0,2,-2
,-2,120,0,2,-2
,-2,120,-2,2,-2
,-2,120,-2,0,-2
,120,120,-2,2,-2
,118,118,-2,0,0
,120,84,-2,2,-2
,120,48,-2,0,120
,118,30,0,2,120
,120,16,-2,0,118
,120,14,-2,2,118
,118,6,-2,2,124
,118,2,-2,2,118
,122,2,-2,2,118
,118,0,0,2,118
,118,0,-2,2,118
,120,-2,-2,2,118
,118,-2,120,2,120
,118,-2,120,2,118
,120,-2,118,2,118
,118,-2,118,2,120
,118,-2,122,2,120
,120,0,118,2,118
,120,-2,118,2,118
,118,-2,118,2,118
,118,-2,120,2,118
,120,-2,120,0,120
,118,-2,120,2,120
,118,-2,118,0,118
,120,-2,120,0,118
,118,-2,120,0,120
,118,-2,120,0,120
,120,-2,120,2,118
,120,-2,120,0,120
,118,-2,120,0,120
,118,-2,118,0,120
,120,-2,120,0,118
,118,-2,118,0,120
,118,-2,120,0,118
,120,0,118,0,118
,118,-2,118,0,120
,118,-2,118,0,118
,120,0,118,0,118
,110,0,118,0,118
,60,-2,118,0,118
,38,0,118,2,118
,22,-2,118,-2,90
,14,0,120,-2,48
,10,0,120,-2,30
,6,0,120,-2,20
,4,0,120,-2,12
,4,0,118,0,8
,2,0,118,-2,4
,2,120,118,-2,4
,2,120,118,-2,4
,2,120,118,-2,2
,2,118,118,-2,2
,2,120,118,0,2
,2,118,118,-2,2
,2,120,120,-2,2
,2,118,120,-2,2
,2,118,120,-2,2
,2,124,118,-2,2
,2,120,118,-2,2
,2,120,118,-2,2
,4,118,118,-2,2
,0,118,118,-2,2
,0,118,118,-2,2
,2,120,118,2,2
,0,118,118,-2,0
,2,118,118,0,0
,4,118,120,0,0
,0,118,118,0,0
,0,118,126,0,0
,0,118,118,2,0
,0,120,118,0,0
,0,120,118,0,0
,-2,120,118,0,0
,0,118,118,0,0
,0,118,118,0,0
,0,118,120,-2,0
,0,120,120,0,0
,0,120,118,0,-2
,118,118,90,0,-2
,120,118,50,0,-2
,120,118,28,0,10
,118,118,16,0,118
,118,118,10,0,120
,120,118,4,0,120
,118,118,2,2,120
,118,118,0,2,120
,120,124,0,2,120
,118,118,-2,0,118
,118,120,-2,0,118
,120,120,0,0,120
,118,118,0,2,118
,118,120,-2,2,120
,118,120,-2,4,120
,120,118,-2,2,118
,118,92,-2,2,118
,118,52,-2,2,118
,118,30,-2,2,120
,120,18,2,118,120
,120,10,-2,118,118
,120,4,-2,118,120
,118,2,-2,120,120
,118,0,-2,118,120
,118,0,-2,120,118
,118,-2,-2,120,118
,120,0,-2,118,118
,118,-2,-2,118,120
,118,-2,0,118,118
,118,-2,0,118,118
,118,-2,0,118,120
,118,-2,0,120,120
,120,-2,0,120,118
,118,-2,0,120,118
,120,-2,0,118,118
,118,-2,0,120,118
,120,-2,0,120,120
,118,4,0,122,118
,118,-2,0,120,120
,76,-2,0,118,118
,46,0,0,118,120
,26,0,2,118,120
,16,-2,2,118,74
,12,0,2,118,42
,8,0,2,120,28
,6,0,2,118,16
,2,0,0,118,10
,2,0,2,118,6
,2,0,4,120,6
,2,0,2,118,4
,2,0,2,120,2
,2,0,2,118,2
,2,0,2,120,2
,2,0,2,120,2
,2,2,2,118,2
,2,0,2,118,2
,2,0,0,118,2
,2,2,2,118,0
,2,2,2,118,2
,2,2,2,118,2
,2,2,2,122,2
,2,2,2,118,2
,2,2,2,120,2
,2,120,2,118,2
,2,118,2,120,2
,2,120,6,118,2
,2,122,2,118,2
,2,118,2,118,0
,0,120,120,118,2
,2,120,120,118,0
,0,120,118,120,0
,0,118,120,118,0
,0,120,118,118,0
,0,118,120,118,0
,0,120,120,118,2
,0,120,120,120,-2
,0,118,118,118,0
,-2,118,118,118,0
,118,118,118,118,0
,120,118,118,118,0
,120,120,120,118,0
,118,118,120,118,36
,118,118,118,118,120
,118,120,118,126,118
,118,118,118,118,120
,120,118,118,120,118
,120,120,118,118,118
,118,118,118,118,118
,118,118,118,118,118
,118,120,120,120,118
,120,118,120,120,120
,118,118,118,120,120
,120,120,118,120,120
,118,118,118,118,118
,120,118,126,118,120
,118,120,118,118,118
,118,118,118,118,120
,118,120,120,118,120
,122,120,118,118,120
,118,120,118,118,118
,118,118,118,118,120
,120,118,118,118,120
,120,118,120,118,120
,118,120,120,118,122
,118,120,118,118,120
,118,120,118,118,120
,120,118,118,120,120
,118,118,118,118,118
,120,118,118,118,118
,120,88,120,118,120
,118,48,120,118,120
,118,28,118,120,120
,118,16,118,120,118
,118,10,120,118,120
,118,4,118,118,118
,118,2,118,118,118
,118,0,120,118,118
,118,0,120,118,118
,68,0,118,118,120
,40,-2,118,118,120
,24,-2,118,118,118
,20,-2,118,118,72
,10,-2,118,118,42
,6,-2,122,120,26
,4,0,118,118,16
,2,-2,120,120,12
,2,-2,120,118,8
,2,0,118,118,4
,2,0,118,104,4
,2,-2,118,56,4
,2,0,120,32,2
,2,0,118,18,2
,2,0,118,12,2
,2,0,118,6,2
,2,0,108,2,2
,2,0,60,4,2
,2,0,36,0,2
,2,0,22,-2,2
,2,0,14,0,4
,2,0,10,-2,2
,2,0,6,-2,2
,2,2,4,-2,2
,2,2,2,-2,2
,2,0,2,-2,2
,2,2,2,-2,2
,2,2,2,-2,2
,2,2,2,-2,2
,2,4,2,-2,2
,2,2,2,-2,2
,2,0,2,-2,2
,2,2,2,-2,0
,0,2,0,-2,0
,0,2,0,-2,0
,0,2,2,-2,0
,0,2,0,-2,0
,0,2,0,0,0
,0,120,2,0,0
,120,120,2,0,0
,120,118,0,4,0
,118,118,0,0,0
,120,118,0,0,118
,118,120,0,0,120
,118,118,0,0,118
,118,118,0,-2,118
,120,120,0,2,120
,118,118,-2,0,118
,118,120,0,0,120
,120,118,0,0,118
,118,118,0,2,118
,120,120,0,0,120
,118,120,-2,2,120
,118,118,-2,0,118
,120,118,-2,2,118
,118,118,-2,2,120
,118,118,-2,2,120
,120,120,2,2,120
,120,122,-2,2,120
,118,118,-2,2,118
,120,118,0,2,118
,122,120,-2,2,120
,120,120,-2,2,118
,118,118,-2,4,118
,120,120,-2,0,120
,120,120,-2,2,118
,118,118,-2,2,118
,120,120,-2,2,118
,118,120,-2,2,118
,118,118,-2,0,120
,120,118,-2,2,118
,118,118,-2,2,120
,118,120,-2,2,120
,118,118,-2,2,118
,120,118,-2,2,120
,120,120,-2,2,120
,120,118,-2,0,118
,120,118,0,0,120
,88,118,0,2,120
,50,118,0,2,118
,30,118,2,0,118
,18,120,0,0,114
,12,118,0,0,62
,8,120,0,0,36
,4,100,120,0,22
,2,54,118,0,14
,2,32,118,2,8
,2,26,118,0,6
,2,10,120,0,2
,2,6,118,0,4
,2,4,120,0,2
,2,2,120,0,2
,2,0,118,0,2
,2,0,120,-2,2
,2,0,118,-2,2
,2,0,120,0,0
,2,0,120,0,2
,2,0,118,-2,0
,2,0,118,-2,2
,2,0,118,-2,2
,2,0,118,-2,2
,2,-2,118,-2,2
,2,0,118,-2,2
,2,0,126,-2,2
,2,2,118,-2,2
,2,0,118,-2,2
,2,2,120,-2,2
,2,2,120,-2,2
,2,2,120,-2,2
,2,2,118,4,0
,0,2,120,-2,0
,2,2,118,-2,2
,2,2,120,-2,2
,2,2,120,-2,2
,0,0,118,-2,2
,0,2,118,0,0
,2,4,118,-2,0
,0,2,120,-2,0
,120,0,120,0,2
,120,2,118,0,2
,120,2,118,120,0
,120,2,118,120,120
,118,0,118,118,120
,118,2,118,120,118
,118,2,118,118,118
,118,2,120,118,124
,118,2,122,120,120
,118,2,118,118,120
,118,2,120,118,120
,120,2,120,118,118
,118,0,118,118,118
,118,120,118,120,120
,120,120,122,126,118
,118,118,120,118,118
,118,118,118,118,118
,120,120,120,118,118
,118,118,118,120,118
,120,118,118,118,118
,118,118,118,120,120
,120,120,118,118,118
,118,118,118,120,118
,118,118,118,120,118
,124,118,120,120,118
,118,118,118,118,118
,118,118,118,118,120
,120,124,120,120,120
,118,118,118,118,118
,118,120,118,120,120
,118,120,120,120,118
,118,120,118,118,118
,118,118,94,118,120
,118,118,52,118,120
,120,118,30,118,118
,120,120,18,118,118
,118,118,10,118,120
,118,120,6,126,118
,118,118,2,118,120
,78,118,0,118,120
,44,118,0,118,118
,26,120,0,118,118
,16,118,0,118,112
,10,120,-2,120,60
,6,118,0,120,36
,4,118,0,118,22
,2,118,0,120,14
,0,120,0,118,8
,0,118,0,118,6
,0,118,-2,118,4
,0,126,0,120,2
,0,120,0,118,2
,0,118,0,118,2
,6,120,0,118,2
,2,118,0,118,0
,0,118,0,118,0
,2,120,0,118,2
,2,118,2,118,2
,2,118,2,120,2
,0,100,2,118,2
,2,56,2,118,0
,2,32,2,120,2
,2,22,2,118,2
,2,12,2,120,2
,2,6,2,118,2
,2,4,2,118,2
,2,2,0,120,2
,2,2,2,118,0
,2,0,2,118,2
,2,0,2,118,2
,2,0,2,118,2
,0,2,2,118,2
,2,2,2,118,2
,2,2,2,118,2
,2,2,2,118,2
,2,2,2,120,2
,2,2,2,118,2
,0,2,2,118,6
,120,2,0,118,0
,120,6,2,118,0
,118,2,0,120,2
,120,2,2,118,2
,120,2,2,118,120
,118,2,2,120,122
,118,0,2,120,118
,120,2,0,118,120
,120,2,0,120,120
,118,2,2,118,118
,120,2,0,120,118
,120,2,4,126,118
,118,2,0,118,118
,118,2,0,120,120
,120,2,0,118,120
,120,2,0,118,118
,118,2,0,118,118
,120,2,0,118,118
,118,2,0,118,120
,118,0,0,120,118
,120,0,0,120,118
,120,0,0,118,118
,118,0,120,118,120
,120,2,118,118,120
,120,0,120,118,120
,120,0,118,118,118
,118,0,118,118,118
,120,0,118,120,118
,120,120,118,118,118
,118,118,118,118,120
,118,124,118,120,120
,118,120,120,118,118
,118,118,118,118,118
,120,120,120,102,118
,118,118,126,60,122
,120,120,118,34,118
,118,118,118,22,120
,118,118,120,14,120
,118,118,118,10,118
,104,118,118,6,118
,58,120,120,8,122
,32,118,118,2,118
,20,118,118,2,118
,12,120,120,2,94
,6,118,120,2,54
,4,120,118,2,32
,2,118,118,2,20
,0,120,118,2,12
,0,120,120,2,6
,2,120,118,2,4
,0,120,118,2,2
,0,118,118,2,2
,0,118,118,0,0
,0,120,118,0,2
,0,120,120,0,0
,0,120,118,0,0
,2,120,120,2,2
,0,120,120,2,0
,0,118,118,0,0
,2,124,118,0,0
,2,120,118,0,2
,2,120,120,0,2
,2,120,120,-2,2
,0,120,122,0,2
,2,120,118,-2,2
,2,118,118,-2,2
,2,120,118,0,2
,2,118,118,-2,2
,0,118,118,-2,2
,2,118,118,-2,6
,2,118,120,-2,2
